"id","filename","description","content_type","created_at","updated_at"
4,"27ec9ff9-1276-418e-a554-4673eb3ef69e-application.octet-stream.mp4",NULL,"video/mp4","2024-06-24 07:27:05.944316","2024-06-24 07:27:05.944316"
5,"e6d449a3-8bfd-473e-b49d-bdabb1caf5aa-IMG_4344.MP4",NULL,"video/mp4","2024-06-24 07:27:08.525798","2024-06-24 08:43:27.292121"
6,"3ff7e9e4-ec15-4eae-bf64-da15f61f2d0e-photo_2023-05-27_14-30-33.jpg",NULL,"image/jpeg","2024-06-24 07:27:09.275424","2024-06-24 07:27:09.275424"
7,"0422fb92-88e1-4e8e-a2e3-88f323b3196a-photo_2023-05-28_23-37-24.jpg",NULL,"image/jpeg","2024-06-24 07:27:10.05227","2024-06-24 07:27:10.05227"
8,"68fa8032-abbc-4ae5-9014-80ad08664813-photo_2023-05-28_23-37-28.jpg",NULL,"image/jpeg","2024-06-24 07:27:10.839653","2024-06-24 07:27:10.839653"
9,"79e421b2-6d54-49a5-9171-ed53e2e7e356-photo_2023-06-09_15-03-07-2-.jpg",NULL,"image/jpeg","2024-06-24 07:27:13.539557","2024-06-24 07:27:13.539557"
10,"2543e7e5-a8a0-4f5b-a41e-9219705e79b6-photo_2023-06-09_15-03-07.jpg",NULL,"image/jpeg","2024-06-24 07:27:14.562405","2024-06-24 07:27:14.562405"
11,"d6d9d2b2-58a5-4678-a3a4-3114d62ee065-photo_2023-06-09_15-03-12.jpg",NULL,"image/jpeg","2024-06-24 07:27:15.246641","2024-06-24 07:27:15.246641"
12,"320cf9a1-5257-4e79-bbf0-53e2356f3aa4-photo_2023-06-13_23-49-21.jpg",NULL,"image/jpeg","2024-06-24 07:27:15.928936","2024-06-24 07:27:15.928936"
13,"12416913-8482-4434-9b4e-6d6b24225c2b-photo_2023-06-17_21-52-12.jpg",NULL,"image/jpeg","2024-06-24 07:27:16.522172","2024-06-24 07:27:16.522172"
14,"ff5315d3-eef3-49c8-ad28-deb968d68d5a-photo_2023-06-17_21-52-13.jpg",NULL,"image/jpeg","2024-06-24 07:27:17.195252","2024-06-24 07:27:17.195252"
15,"0e0e9093-eed4-4994-8a8c-8ddf7c0f3f7f-photo_2023-06-18_20-08-08.jpg",NULL,"image/jpeg","2024-06-24 07:27:17.90115","2024-06-24 07:27:17.90115"
16,"196a6196-a2f1-41b0-b05d-193d4d616c59-photo_2023-06-18_20-08-17.jpg",NULL,"image/jpeg","2024-06-24 07:27:18.600699","2024-06-24 07:27:18.600699"
17,"05399b31-f048-46f9-b5ea-dd7b4eb97283-photo_2023-07-07_00-25-24.jpg",NULL,"image/jpeg","2024-06-24 07:27:21.403793","2024-06-24 07:27:21.403793"
18,"e89c9e1b-5508-4df3-8ab9-b0c6540e51f6-photo_2023-07-19_19-05-12.jpg",NULL,"image/jpeg","2024-06-24 07:27:22.065412","2024-06-24 07:27:22.065412"
19,"27af7d31-6260-4584-beda-1af3945c92c7-photo_2023-07-21_23-28-00.jpg",NULL,"image/jpeg","2024-06-24 07:27:22.826412","2024-06-24 07:27:22.826412"
20,"01f01c8b-a860-4e2d-8ebd-b2f305279ec8-photo_2023-07-21_23-28-06.jpg",NULL,"image/jpeg","2024-06-24 07:27:23.639811","2024-06-24 07:27:23.639811"
21,"cb263c37-6b54-42d3-a77c-3ec16ca5df88-photo_2023-07-21_23-28-13.jpg",NULL,"image/jpeg","2024-06-24 07:27:26.370373","2024-06-24 07:27:26.370373"
22,"0c02a995-ab2b-4ee3-b953-391a78b4a56e-photo_2023-07-30_23-41-07-2-.jpg",NULL,"image/jpeg","2024-06-24 07:27:27.04814","2024-06-24 07:27:27.04814"
23,"c67a2482-84ca-455e-abe6-e9d918b2cd90-photo_2023-07-30_23-41-07.jpg",NULL,"image/jpeg","2024-06-24 07:27:27.695302","2024-06-24 07:27:27.695302"
24,"355ad1b7-3130-4303-85f1-1499c0dd3478-photo_2023-07-30_23-41-09.jpg",NULL,"image/jpeg","2024-06-24 07:27:28.472231","2024-06-24 07:27:28.472231"
25,"ba202603-39c0-4d88-b4b5-ab13a5d9b083-photo_2023-08-01_23-35-55-2-.jpg",NULL,"image/jpeg","2024-06-24 07:27:29.315926","2024-06-24 07:27:29.315926"
26,"6f82485d-e964-43f2-93de-0523ce25e064-photo_2023-08-01_23-35-55.jpg",NULL,"image/jpeg","2024-06-24 07:27:30.17611","2024-06-24 07:27:30.17611"
27,"b3efa66f-7cf7-44ff-a654-74df3b4ddb6b-photo_2023-08-01_23-35-56.jpg",NULL,"image/jpeg","2024-06-24 07:27:31.247149","2024-06-24 07:27:31.247149"
28,"e3e436a4-5990-4dc9-b397-feccc2952c9a-photo_2023-08-01_23-35-57.jpg",NULL,"image/jpeg","2024-06-24 07:27:32.077735","2024-06-24 07:27:32.077735"
29,"e6fcd627-f4d1-4ffd-90e6-9f83bc68d7dc-photo_2023-08-05_23-19-44-2-.jpg",NULL,"image/jpeg","2024-06-24 07:27:34.943404","2024-06-24 07:27:34.943404"
30,"70a4a98e-d868-409a-951c-5a106d622bd8-photo_2023-08-05_23-19-44.jpg",NULL,"image/jpeg","2024-06-24 07:27:35.64648","2024-06-24 07:27:35.64648"
31,"bd06d892-83d9-4356-b0d8-eeb84fdd09b5-photo_2023-08-09_18-21-23.jpg",NULL,"image/jpeg","2024-06-24 07:27:36.433519","2024-06-24 07:27:36.433519"
32,"05b9f39d-96d7-4e2b-b61b-d4258c975546-photo_2023-08-09_18-21-28.jpg",NULL,"image/jpeg","2024-06-24 07:27:37.232555","2024-06-24 07:27:37.232555"
33,"d970b65e-594f-4b40-83b2-dc77b72708ff-photo_2023-08-09_18-29-45.jpg",NULL,"image/jpeg","2024-06-24 07:27:38.043642","2024-06-24 07:27:38.043642"
34,"52307a34-4a13-45f7-9d1f-6fb7f8d7a0af-photo_2023-08-09_18-30-20.jpg",NULL,"image/jpeg","2024-06-24 07:27:38.748613","2024-06-24 07:27:38.748613"
35,"624a080c-e29c-4278-8668-165d6300e5d4-photo_2023-08-09_18-30-29.jpg",NULL,"image/jpeg","2024-06-24 07:27:39.436963","2024-06-24 07:27:39.436963"
36,"e872c4e9-2351-45e9-8022-bb5a55f65293-photo_2023-08-09_18-30-32.jpg",NULL,"image/jpeg","2024-06-24 07:27:40.244393","2024-06-24 07:27:40.244393"
37,"a987eeab-9be7-471e-86d3-8000cd704039-photo_2023-08-09_20-46-37.jpg",NULL,"image/jpeg","2024-06-24 07:27:41.069846","2024-06-24 07:27:41.069846"
38,"4c695479-da4d-4f24-bdfa-4e3a6090daec-photo_2023-08-09_20-46-40.jpg",NULL,"image/jpeg","2024-06-24 07:27:41.771316","2024-06-24 07:27:41.771316"
39,"17f760f3-8f5b-4058-98ac-d9c2f339e019-photo_2023-08-13_23-42-42-2-.jpg",NULL,"image/jpeg","2024-06-24 07:27:42.490007","2024-06-24 07:27:42.490007"
40,"0f0235bc-6d34-4e62-bbec-d45f8f982817-photo_2023-08-13_23-42-42.jpg",NULL,"image/jpeg","2024-06-24 07:27:43.386584","2024-06-24 07:27:43.386584"
41,"e10b0f37-e2e6-4d19-b530-baa30f0e2d6c-photo_2023-08-18_22-29-08.jpg",NULL,"image/jpeg","2024-06-24 07:27:44.121761","2024-06-24 07:27:44.121761"
42,"29cf9c5b-9864-4f5b-bf1b-8fd31d73c8c7-photo_2023-08-19_23-03-14-2-.jpg",NULL,"image/jpeg","2024-06-24 07:27:44.875712","2024-06-24 07:27:44.875712"
43,"2e612702-e214-4922-9e2f-e1d28e3fc7af-photo_2023-08-19_23-03-14.jpg",NULL,"image/jpeg","2024-06-24 07:27:45.896767","2024-06-24 07:27:45.896767"
44,"bfe14506-a118-41b7-973d-35ab1ec7b74a-photo_2023-08-19_23-03-16-2-.jpg",NULL,"image/jpeg","2024-06-24 07:27:46.641175","2024-06-24 07:27:46.641175"
45,"3e81ab71-6684-4380-b2c3-c3747c2dde83-photo_2023-08-19_23-03-16.jpg",NULL,"image/jpeg","2024-06-24 07:27:47.570637","2024-06-24 07:27:47.570637"
46,"d8764d8e-649f-4923-932a-5fd8c28f7820-photo_2023-08-20_16-46-37-2-.jpg",NULL,"image/jpeg","2024-06-24 07:27:48.599186","2024-06-24 07:27:48.599186"
47,"ed15cb77-7c2b-4408-938f-f5774eeb4d37-photo_2023-08-20_16-46-37-3-.jpg",NULL,"image/jpeg","2024-06-24 07:27:49.756047","2024-06-24 07:27:49.756047"
48,"f248c174-ad2b-4e62-bd35-135065d43c30-photo_2023-08-20_16-46-37.jpg",NULL,"image/jpeg","2024-06-24 07:27:50.3765","2024-06-24 07:27:50.3765"
49,"1750d35a-dd96-4814-bcb4-ec17d13ca563-photo_2023-08-21_20-32-24.jpg",NULL,"image/jpeg","2024-06-24 07:27:51.030357","2024-06-24 07:27:51.030357"
50,"b216f9c9-97e7-4d18-9fb8-a6ff8af923d0-photo_2023-08-27_22-20-38-2-.jpg",NULL,"image/jpeg","2024-06-24 07:27:51.890542","2024-06-24 07:27:51.890542"
51,"4daf8d7d-93a8-493b-a8ae-1a0ed5c58130-photo_2023-08-27_22-20-38.jpg",NULL,"image/jpeg","2024-06-24 07:27:53.581655","2024-06-24 07:27:53.581655"
52,"836ed596-0db7-4b08-a44c-58a13900e854-photo_2023-08-27_22-20-39-2-.jpg",NULL,"image/jpeg","2024-06-24 07:27:56.426542","2024-06-24 07:27:56.426542"
53,"6fc6b38e-5796-45a0-881a-492f42cdb33a-photo_2023-08-27_22-20-39.jpg",NULL,"image/jpeg","2024-06-24 07:27:57.345517","2024-06-24 07:27:57.345517"
54,"906b72c0-e575-4025-837c-225b3b443798-photo_2023-09-07_00-10-20.jpg",NULL,"image/jpeg","2024-06-24 07:27:58.092021","2024-06-24 07:27:58.092021"
55,"61143687-6ddc-4dd9-8f0b-6f13b6f87e32-photo_2023-09-07_08-36-39.jpg",NULL,"image/jpeg","2024-06-24 07:27:58.931382","2024-06-24 07:27:58.931382"
56,"56e3da2f-ff56-486e-9577-726718019379-photo_2023-09-07_08-36-40-2-.jpg",NULL,"image/jpeg","2024-06-24 07:28:00.96757","2024-06-24 07:28:00.96757"
57,"00be8149-e28c-45be-bd75-1d7a5ab25bed-photo_2023-09-07_08-36-40.jpg",NULL,"image/jpeg","2024-06-24 07:28:01.87516","2024-06-24 07:28:01.87516"
58,"5510da49-76f2-442a-97f7-6a57b4c1aa73-photo_2023-09-07_08-36-47.jpg",NULL,"image/jpeg","2024-06-24 07:28:02.763182","2024-06-24 07:28:02.763182"
59,"a2ad7e03-56e4-4b93-8309-52dd4f1ffb70-photo_2023-09-07_08-36-48.jpg",NULL,"image/jpeg","2024-06-24 07:28:03.704375","2024-06-24 07:28:03.704375"
60,"c72128c9-5faa-4c6a-9b7f-4b2138758bc9-photo_2023-09-08_23-19-46-2-.jpg",NULL,"image/jpeg","2024-06-24 07:28:04.510358","2024-06-24 07:28:04.510358"
61,"0c807cd3-19df-4642-b03b-3438f6de7a10-photo_2023-09-08_23-19-46.jpg",NULL,"image/jpeg","2024-06-24 07:28:05.193794","2024-06-24 07:28:05.193794"
62,"1de9dddc-274b-47f7-bde7-12bb6c1adbb0-photo_2023-09-11_20-01-08.jpg",NULL,"image/jpeg","2024-06-24 07:28:05.891514","2024-06-24 07:28:05.891514"
63,"1cd00c9b-b84a-46f9-8727-6bb986033502-photo_2023-09-11_20-01-10.jpg",NULL,"image/jpeg","2024-06-24 07:28:06.516018","2024-06-24 07:28:06.516018"
64,"a7ba120b-a3a1-4b43-a451-59a28871bd12-photo_2023-09-11_20-01-11-2-.jpg",NULL,"image/jpeg","2024-06-24 07:28:07.214757","2024-06-24 07:28:07.214757"
65,"366d2fd6-32c0-423d-be23-03ad77b1114f-photo_2023-09-11_20-01-11.jpg",NULL,"image/jpeg","2024-06-24 07:28:07.846796","2024-06-24 07:28:07.846796"
66,"9b696f35-501a-4fef-903e-2992e3863dd4-photo_2023-09-11_20-01-12.jpg",NULL,"image/jpeg","2024-06-24 07:28:08.583905","2024-06-24 07:28:08.583905"
67,"3cfe0b0c-aa4c-41fa-ad43-b501b0971faa-photo_2023-09-11_20-01-13.jpg",NULL,"image/jpeg","2024-06-24 07:28:09.187962","2024-06-24 07:28:09.187962"
68,"a3070f32-0ee3-43a8-8646-2d5fd95ecaca-photo_2023-09-11_20-01-14.jpg",NULL,"image/jpeg","2024-06-24 07:28:10.718608","2024-06-24 07:28:10.718608"
69,"a33e4736-bb9d-484f-9b21-56622ea276e0-photo_2023-09-11_20-01-15.jpg",NULL,"image/jpeg","2024-06-24 07:28:11.430985","2024-06-24 07:28:11.430985"
70,"221d11db-87c8-4dd7-a5c4-15def5584e2b-photo_2023-09-17_00-15-59.jpg",NULL,"image/jpeg","2024-06-24 07:28:12.178942","2024-06-24 07:28:12.178942"
71,"ec49bec9-d447-448b-970d-8886369a6417-photo_2023-09-18_22-26-24-2-.jpg",NULL,"image/jpeg","2024-06-24 07:28:12.847215","2024-06-24 07:28:12.847215"
72,"d6f40a17-092f-4762-ab36-664003c69deb-photo_2023-09-18_22-26-24.jpg",NULL,"image/jpeg","2024-06-24 07:28:13.479805","2024-06-24 07:28:13.479805"
73,"8de9fc9e-4f1c-47ca-88a9-a3ddb8580b9d-photo_2023-09-25_23-51-44.jpg",NULL,"image/jpeg","2024-06-24 07:28:14.194283","2024-06-24 07:28:14.194283"
74,"1c856b5c-0343-4397-832d-53df00e26b7f-photo_2023-09-25_23-51-45.jpg",NULL,"image/jpeg","2024-06-24 07:28:14.861344","2024-06-24 07:28:14.861344"
75,"c06825a9-0839-4246-bbc9-d18a2e454505-photo_2023-09-25_23-51-46-2-.jpg",NULL,"image/jpeg","2024-06-24 07:28:15.52172","2024-06-24 07:28:15.52172"
76,"9facfd7c-415c-433a-a4ef-61838d3c075b-photo_2023-09-25_23-51-46.jpg",NULL,"image/jpeg","2024-06-24 07:28:16.200609","2024-06-24 07:28:16.200609"
77,"b3f92075-b38b-4e57-88b6-d686cb1d4074-photo_2023-09-25_23-51-47-2-.jpg",NULL,"image/jpeg","2024-06-24 07:28:16.830176","2024-06-24 07:28:16.830176"
78,"f9f3a6ed-811e-4ea5-81ac-42bbb4c8276a-photo_2023-09-25_23-51-47-3-.jpg",NULL,"image/jpeg","2024-06-24 07:28:17.511043","2024-06-24 07:28:17.511043"
79,"54ffcdd1-7ad7-4935-ba50-9f6840b6a5da-photo_2023-09-25_23-51-47-4-.jpg",NULL,"image/jpeg","2024-06-24 07:28:18.127891","2024-06-24 07:28:18.127891"
80,"29dec493-1ced-4ec1-ae79-e75f23323989-photo_2023-09-25_23-51-47-5-.jpg",NULL,"image/jpeg","2024-06-24 07:28:18.752974","2024-06-24 07:28:18.752974"
81,"da74897e-415d-49aa-bf77-44212a5e935c-photo_2023-09-25_23-51-47.jpg",NULL,"image/jpeg","2024-06-24 07:28:19.58492","2024-06-24 07:28:19.58492"
82,"752972be-46db-4183-84ad-648a027113b7-photo_2023-09-25_23-51-48-2-.jpg",NULL,"image/jpeg","2024-06-24 07:28:20.345928","2024-06-24 07:28:20.345928"
83,"426b9acc-e921-4dc9-954c-36cba8ba25ba-photo_2023-09-25_23-51-48.jpg",NULL,"image/jpeg","2024-06-24 07:28:20.976732","2024-06-24 07:28:20.976732"
84,"08181108-3f8e-4b24-ae65-c0b577c1fa53-photo_2023-09-25_23-51-49-2-.jpg",NULL,"image/jpeg","2024-06-24 07:28:21.678714","2024-06-24 07:28:21.678714"
85,"a74afa45-9999-417c-bf69-f98b52d61bd7-photo_2023-09-25_23-51-49.jpg",NULL,"image/jpeg","2024-06-24 07:28:22.345234","2024-06-24 07:28:22.345234"
86,"bfc2178b-cb6a-432c-9f55-f3244f6c1e10-photo_2023-09-25_23-51-58.jpg",NULL,"image/jpeg","2024-06-24 07:28:22.983956","2024-06-24 07:28:22.983956"
87,"e3179268-6a80-4f38-9f3f-d7a4a7569d86-photo_2023-09-28_00-09-05-2-.jpg",NULL,"image/jpeg","2024-06-24 07:28:23.702719","2024-06-24 07:28:23.702719"
88,"d0a4cfb0-dc3c-4f45-bef9-23a66922b650-photo_2023-09-28_00-09-05-3-.jpg",NULL,"image/jpeg","2024-06-24 07:28:24.372141","2024-06-24 07:28:24.372141"
89,"e66175fb-7537-41c2-bc3e-d48e377fb40f-photo_2023-09-28_00-09-05-4-.jpg",NULL,"image/jpeg","2024-06-24 07:28:25.05171","2024-06-24 07:28:25.05171"
90,"36e32073-67d1-4d9b-9255-a8b70d57c7b6-photo_2023-09-28_00-09-05.jpg",NULL,"image/jpeg","2024-06-24 07:28:25.706407","2024-06-24 07:28:25.706407"
91,"f5045d58-1eee-4c6a-8ba3-c36614f87024-photo_2023-09-28_00-09-06-2-.jpg",NULL,"image/jpeg","2024-06-24 07:28:26.436789","2024-06-24 07:28:26.436789"
92,"bc9ac43c-404f-4bc1-917f-15186768f263-photo_2023-09-28_00-09-06-3-.jpg",NULL,"image/jpeg","2024-06-24 07:28:27.002845","2024-06-24 07:28:27.002845"
93,"48f1c038-2eeb-46af-9fa3-8e223ce6b31d-photo_2023-09-28_00-09-06-4-.jpg",NULL,"image/jpeg","2024-06-24 07:28:27.671396","2024-06-24 07:28:27.671396"
94,"a1bda06e-e167-43e6-8b3b-fb81dbe29937-photo_2023-09-28_00-09-06-5-.jpg",NULL,"image/jpeg","2024-06-24 07:28:28.270442","2024-06-24 07:28:28.270442"
95,"65a24276-752f-4f8b-80cb-28f79f0f9102-photo_2023-09-28_00-09-06.jpg",NULL,"image/jpeg","2024-06-24 07:28:28.875877","2024-06-24 07:28:28.875877"
96,"3c0fb76e-226f-4b36-96a7-5e0260ea47a5-photo_2023-09-28_00-09-07.jpg",NULL,"image/jpeg","2024-06-24 07:28:29.523493","2024-06-24 07:28:29.523493"
97,"7ce51f69-b5ab-40d5-90cc-5573860078f2-photo_2023-09-29_00-10-40.jpg",NULL,"image/jpeg","2024-06-24 07:28:30.208111","2024-06-24 07:28:30.208111"
98,"b0abda4f-8466-4660-9d2b-20336b6cb9ec-photo_2023-10-22_00-28-02.jpg",NULL,"image/jpeg","2024-06-24 07:28:30.896956","2024-06-24 07:28:30.896956"
99,"86476ef8-5301-429e-975b-670bd6ea5b13-photo_2023-10-25_16-41-46.jpg",NULL,"image/jpeg","2024-06-24 07:28:31.540221","2024-06-24 07:28:31.540221"
100,"b0758c19-7c30-458a-a060-898e7eb72ccb-photo_2023-10-31_11-51-35.jpg",NULL,"image/jpeg","2024-06-24 07:28:32.211887","2024-06-24 07:28:32.211887"
101,"1bf9bdfd-2b7e-4a90-8714-ae94170a7e12-photo_2023-10-31_11-51-38.jpg",NULL,"image/jpeg","2024-06-24 07:28:32.864006","2024-06-24 07:28:32.864006"
102,"fc758222-9306-4cc7-88e4-be0aeb081873-photo_2023-10-31_11-51-39.jpg",NULL,"image/jpeg","2024-06-24 07:28:34.050246","2024-06-24 07:28:34.050246"
103,"45a20915-d367-47de-8479-f61a0b5c1a5a-photo_2023-11-01_17-49-15.jpg",NULL,"image/jpeg","2024-06-24 07:28:34.749002","2024-06-24 07:28:34.749002"
104,"c0a3cbda-4636-48f3-8777-820a90ebafdd-photo_2023-11-01_17-49-19.jpg",NULL,"image/jpeg","2024-06-24 07:28:35.372495","2024-06-24 07:28:35.372495"
105,"c7ad3010-fe5f-4d83-9a1c-c585d4fe5e1d-photo_2023-11-01_17-49-22.jpg",NULL,"image/jpeg","2024-06-24 07:28:35.981558","2024-06-24 07:28:35.981558"
106,"f8f32c42-4ee7-46bb-a711-7cc0fd07bf85-photo_2023-11-01_17-49-23.jpg",NULL,"image/jpeg","2024-06-24 07:28:36.616608","2024-06-24 07:28:36.616608"
107,"6ae2f183-9761-4045-ae87-728fe94ac72c-photo_2023-11-01_17-49-54.jpg",NULL,"image/jpeg","2024-06-24 07:28:37.297979","2024-06-24 07:28:37.297979"
108,"d366348c-3f37-4194-a5df-fb2329c83ade-photo_2023-11-01_17-50-21.jpg",NULL,"image/jpeg","2024-06-24 07:28:37.972462","2024-06-24 07:28:37.972462"
109,"5f6aa2f6-12d0-4dac-9b15-7191cde8e59e-photo_2023-11-01_17-50-22.jpg",NULL,"image/jpeg","2024-06-24 07:28:38.615058","2024-06-24 07:28:38.615058"
110,"69888d17-b7dd-43ef-ba71-8869ff465e16-photo_2023-11-01_17-50-23.jpg",NULL,"image/jpeg","2024-06-24 07:28:39.314539","2024-06-24 07:28:39.314539"
111,"a9cdb2a6-9db5-47aa-9d7d-8caba471319f-photo_2023-11-01_17-50-25-2-.jpg",NULL,"image/jpeg","2024-06-24 07:28:39.989789","2024-06-24 07:28:39.989789"
112,"af61d04c-b9d9-42db-831e-b44b29d7b216-photo_2023-11-01_17-50-25.jpg",NULL,"image/jpeg","2024-06-24 07:28:40.664227","2024-06-24 07:28:40.664227"
113,"4cc7ad4d-032f-400b-8c60-366f01b6dca9-photo_2023-11-02_15-49-13.jpg",NULL,"image/jpeg","2024-06-24 07:28:41.275767","2024-06-24 07:28:41.275767"
114,"6d9fe66e-082a-4cb2-8f91-dad527ad9f60-photo_2023-11-02_22-22-30.jpg",NULL,"image/jpeg","2024-06-24 07:28:42.017856","2024-06-24 07:28:42.017856"
115,"6096516c-0eac-43c6-be6b-9123dea6835f-photo_2023-11-03_14-17-25.jpg",NULL,"image/jpeg","2024-06-24 07:28:42.599462","2024-06-24 07:28:42.599462"
116,"2202d881-91a0-4fa3-9dee-dadb2a75c94e-photo_2023-11-07_13-30-41.jpg",NULL,"image/jpeg","2024-06-24 07:28:43.166526","2024-06-24 07:28:43.166526"
117,"b4dd31c3-c373-45d2-98ac-e7f04ae98317-photo_2023-11-09_10-28-39.jpg",NULL,"image/jpeg","2024-06-24 07:28:43.825355","2024-06-24 07:28:43.825355"
118,"faa77daf-07ae-4f1d-bf34-5c7b41b6067f-photo_2023-11-24_09-59-58.jpg",NULL,"image/jpeg","2024-06-24 07:28:44.520304","2024-06-24 07:28:44.520304"
119,"a015890f-6a02-4bcd-a21a-65ffba6eb6c8-photo_2023-11-25_20-03-17.jpg",NULL,"image/jpeg","2024-06-24 07:28:45.192404","2024-06-24 07:28:45.192404"
120,"8596f07b-f235-4ebc-98fc-70c6cc9a7f8e-photo_2024-01-06_10-47-47.jpg",NULL,"image/jpeg","2024-06-24 07:28:45.883368","2024-06-24 07:28:45.883368"
121,"e379c3f1-5ee0-4c66-ada1-08e5ffc3d66e-photo_2024-01-06_10-48-17.jpg",NULL,"image/jpeg","2024-06-24 07:28:46.880032","2024-06-24 07:28:46.880032"
122,"c2cfada2-f241-42e9-a1f4-c587dd20fff9-photo_2024-01-14_21-36-42.jpg",NULL,"image/jpeg","2024-06-24 07:28:47.634081","2024-06-24 07:28:47.634081"
123,"b4c2c6b0-eb6c-4c40-8dd6-d3f6ef553561-photo_2024-01-14_21-36-43.jpg",NULL,"image/jpeg","2024-06-24 07:28:48.347979","2024-06-24 07:28:48.347979"
124,"b87462d1-2422-4cc1-bf21-d3760e14c357-photo_2024-01-14_21-36-52.jpg",NULL,"image/jpeg","2024-06-24 07:28:49.382625","2024-06-24 07:28:49.382625"
125,"edd42be8-7e8f-48bc-9fd5-d39db900e8cc-photo_2024-01-14_21-36-54-2-.jpg",NULL,"image/jpeg","2024-06-24 07:28:50.281005","2024-06-24 07:28:50.281005"
126,"9d36fad7-e58b-45db-afcd-56099fb3c6e2-photo_2024-01-14_21-36-54.jpg",NULL,"image/jpeg","2024-06-24 07:28:51.17843","2024-06-24 07:28:51.17843"
127,"ae92d8dd-2151-4f2a-a5ec-83bb4f45bfaf-photo_2024-01-17_22-00-33.jpg",NULL,"image/jpeg","2024-06-24 07:28:52.096351","2024-06-24 07:28:52.096351"
128,"f85ee05c-c2b6-479f-b907-99674fa868ae-photo_2024-01-17_22-00-35-2-.jpg",NULL,"image/jpeg","2024-06-24 07:28:52.777696","2024-06-24 07:28:52.777696"
129,"2eed7de1-2859-41ad-b3c1-09783ea95ff5-photo_2024-01-17_22-00-35-3-.jpg",NULL,"image/jpeg","2024-06-24 07:28:53.421791","2024-06-24 07:28:53.421791"
130,"4cab393c-00fc-4246-995c-bccdd617188f-photo_2024-01-17_22-00-35.jpg",NULL,"image/jpeg","2024-06-24 07:28:54.25785","2024-06-24 07:28:54.25785"
131,"25eace2e-1213-4929-9f05-065d97e03798-photo_2024-01-17_22-00-36.jpg",NULL,"image/jpeg","2024-06-24 07:28:55.00716","2024-06-24 07:28:55.00716"
132,"c793a671-3824-4a54-aaf2-4157fa00698b-photo_2024-01-17_22-00-37.jpg",NULL,"image/jpeg","2024-06-24 07:28:55.774442","2024-06-24 07:28:55.774442"
133,"dd37e8a5-8831-49f0-b6f7-2dbe734fcc37-photo_2024-01-17_22-00-38.jpg",NULL,"image/jpeg","2024-06-24 07:28:56.495097","2024-06-24 07:28:56.495097"
134,"d1becb2b-ad1d-4719-8e13-9b04cdb51f3a-photo_2024-01-25_17-44-59.jpg",NULL,"image/jpeg","2024-06-24 07:28:57.178175","2024-06-24 07:28:57.178175"
135,"88ee267b-884c-4bad-a13a-ed41d452868f-photo_2024-01-25_17-45-14.jpg",NULL,"image/jpeg","2024-06-24 07:28:57.94779","2024-06-24 07:28:57.94779"
136,"d0dc87c3-5c04-4e63-9afe-ca0a13cc5186-photo_2024-02-09_09-18-41.jpg",NULL,"image/jpeg","2024-06-24 07:28:58.595249","2024-06-24 07:28:58.595249"
137,"42ed5f75-0ed5-4861-9801-4ef387b67231-photo_2024-02-10_11-43-16.jpg",NULL,"image/jpeg","2024-06-24 07:28:59.371486","2024-06-24 07:28:59.371486"
138,"51544c93-fc0c-4786-95b7-13de742d98bc-photo_2024-02-10_11-43-20-2-.jpg",NULL,"image/jpeg","2024-06-24 07:29:00.091787","2024-06-24 07:29:00.091787"
139,"21266824-35dc-4ba7-9b39-cddb2c54c909-photo_2024-02-10_11-43-20-3-.jpg",NULL,"image/jpeg","2024-06-24 07:29:00.877004","2024-06-24 07:29:00.877004"
140,"2d1a3386-38d1-4fd6-9166-bb01f17d6da9-photo_2024-02-10_11-43-20.jpg",NULL,"image/jpeg","2024-06-24 07:29:01.470924","2024-06-24 07:29:01.470924"
141,"c90f69d2-7d2e-41e0-9b66-a4754d62c498-photo_2024-02-10_11-43-21.jpg",NULL,"image/jpeg","2024-06-24 07:29:02.174351","2024-06-24 07:29:02.174351"
142,"859ea12b-aaca-451f-9ef4-481d6a06eda9-photo_2024-02-21_19-00-18.jpg",NULL,"image/jpeg","2024-06-24 07:29:02.91134","2024-06-24 07:29:02.91134"
143,"9298c169-7b68-4e24-90b0-24ed259f3d0b-photo_2024-02-25_16-18-47.jpg",NULL,"image/jpeg","2024-06-24 07:29:03.632584","2024-06-24 07:29:03.632584"
144,"9901af45-c786-4e08-a998-fb8378dfa967-photo_2024-02-25_16-18-48.jpg",NULL,"image/jpeg","2024-06-24 07:29:04.298982","2024-06-24 07:29:04.298982"
145,"0ccec17d-403f-4d99-9f2f-b1bdfc52d3cc-photo_2024-02-25_16-18-51.jpg",NULL,"image/jpeg","2024-06-24 07:29:05.024893","2024-06-24 07:29:05.024893"
146,"7260afda-bf61-40bc-9c01-e987d031fecf-photo_2024-02-25_16-18-53-2-.jpg",NULL,"image/jpeg","2024-06-24 07:29:05.769855","2024-06-24 07:29:05.769855"
147,"c6eea9cc-6e57-4adf-b3b4-965855ebdb23-photo_2024-02-25_16-18-53.jpg",NULL,"image/jpeg","2024-06-24 07:29:06.457845","2024-06-24 07:29:06.457845"
148,"f072bd22-f3e2-4af7-b7f0-1f013c5737ba-photo_2024-02-25_16-18-54-2-.jpg",NULL,"image/jpeg","2024-06-24 07:29:07.236468","2024-06-24 07:29:07.236468"
149,"2a49ee9d-e833-4c93-ae6c-84df6d112349-photo_2024-02-25_16-18-54.jpg",NULL,"image/jpeg","2024-06-24 07:29:07.87254","2024-06-24 07:29:07.87254"
150,"ef02fe22-cd03-4a4e-8f48-99c0987220c3-photo_2024-02-25_16-18-55.jpg",NULL,"image/jpeg","2024-06-24 07:29:08.574782","2024-06-24 07:29:08.574782"
151,"14a558f0-c1b1-48a6-8a6a-cbbc74bd2578-photo_2024-02-25_16-18-56-2-.jpg",NULL,"image/jpeg","2024-06-24 07:29:09.432045","2024-06-24 07:29:09.432045"
152,"ddca4c73-83f5-4bc9-94a2-05e422c08576-photo_2024-02-25_16-18-56-3-.jpg",NULL,"image/jpeg","2024-06-24 07:29:10.326195","2024-06-24 07:29:10.326195"
153,"3cfce8eb-d89a-46b8-ae14-b8cdf9322751-photo_2024-02-25_16-18-56.jpg",NULL,"image/jpeg","2024-06-24 07:29:11.161705","2024-06-24 07:29:11.161705"
154,"d5ca0546-1133-48bf-bd1e-183874710e16-photo_2024-04-09_09-56-47.jpg",NULL,"image/jpeg","2024-06-24 07:29:11.88117","2024-06-24 07:29:11.88117"
155,"ed405535-1eef-4f20-821c-8e2e9f97b2fb-photo_2024-04-09_09-56-49.jpg",NULL,"image/jpeg","2024-06-24 07:29:12.675739","2024-06-24 07:29:12.675739"
156,"a0751ea1-7f6d-4751-8ea1-d34345d444ec-photo_2024-04-09_09-56-50-2-.jpg",NULL,"image/jpeg","2024-06-24 07:29:13.398614","2024-06-24 07:29:13.398614"
157,"a1437d2b-edcd-4ea1-adea-73081a216e5c-photo_2024-04-09_09-56-50.jpg",NULL,"image/jpeg","2024-06-24 07:29:14.121565","2024-06-24 07:29:14.121565"
158,"7658b597-4a02-4373-b578-289a29e577a5-photo_2024-04-09_09-56-51-2-.jpg",NULL,"image/jpeg","2024-06-24 07:29:14.889218","2024-06-24 07:29:14.889218"
159,"f64a2a12-0a5c-4ee3-b47f-0a3e1186220a-photo_2024-04-09_09-56-51.jpg",NULL,"image/jpeg","2024-06-24 07:29:15.605159","2024-06-24 07:29:15.605159"
160,"24519055-80ea-4ed7-a48a-0b806fb0f808-photo_2024-04-09_09-56-52.jpg",NULL,"image/jpeg","2024-06-24 07:29:16.168587","2024-06-24 07:29:16.168587"
161,"92276e10-e551-49ab-8524-7e3ef9c4c90f-photo_2024-04-09_09-56-53.jpg",NULL,"image/jpeg","2024-06-24 07:29:16.78984","2024-06-24 07:29:16.78984"
162,"04441636-5777-4278-8053-7c89648cdf37-photo_2024-04-09_09-56-54.jpg",NULL,"image/jpeg","2024-06-24 07:29:19.501695","2024-06-24 07:29:19.501695"
163,"396e19da-63d2-4e6c-9929-59d305014eeb-photo_2024-05-25_09-42-19.jpg",NULL,"image/jpeg","2024-06-24 07:29:20.111665","2024-06-24 07:29:20.111665"
164,"6e316c28-d498-49d6-ba34-9e28d579769c-photo_2024-05-25_09-42-20-2-.jpg",NULL,"image/jpeg","2024-06-24 07:29:20.727447","2024-06-24 07:29:20.727447"
165,"8ca7953c-56a4-40e2-ac0d-39ecd76cb858-photo_2024-05-25_09-42-20.jpg",NULL,"image/jpeg","2024-06-24 07:29:21.32562","2024-06-24 07:29:21.32562"
166,"77100bae-2d78-4135-a649-cb2da2f16bfc-photo_2024-05-25_09-42-21-2-.jpg",NULL,"image/jpeg","2024-06-24 07:29:21.943965","2024-06-24 07:29:21.943965"
167,"b60053c6-915a-48fe-93ad-90ac0ec38d8f-photo_2024-05-25_09-42-21.jpg",NULL,"image/jpeg","2024-06-24 07:29:22.593999","2024-06-24 07:29:22.593999"
168,"e4d1eb78-db27-4e9e-8766-4f64b0d49a47-photo_2024-05-25_12-54-22.jpg",NULL,"image/jpeg","2024-06-24 07:29:23.232751","2024-06-24 07:29:23.232751"
169,"2c37ab91-c7dc-41f6-a68a-6174df01e20f-photo_2024-05-25_12-54-23-2-.jpg",NULL,"image/jpeg","2024-06-24 07:29:23.930198","2024-06-24 07:29:23.930198"
170,"e7d88ed2-3aff-4660-ab6b-b3954a5ac4ae-photo_2024-05-25_12-54-23.jpg",NULL,"image/jpeg","2024-06-24 07:29:24.605844","2024-06-24 07:29:24.605844"
171,"9c4006ff-a988-4715-be0a-472b417510da-photo_2024-05-25_12-54-24-2-.jpg",NULL,"image/jpeg","2024-06-24 07:29:25.390088","2024-06-24 07:29:25.390088"
172,"0ebba6c3-c124-4633-bbb7-5e030ee735ee-photo_2024-05-25_12-54-24-3-.jpg",NULL,"image/jpeg","2024-06-24 07:29:26.130179","2024-06-24 07:29:26.130179"
173,"f076be46-91b3-43d9-ae9d-a5613ec96ecb-photo_2024-05-25_12-54-24-4-.jpg",NULL,"image/jpeg","2024-06-24 07:29:26.894439","2024-06-24 07:29:26.894439"
174,"f5106607-083f-4923-8787-57d48efecc20-photo_2024-05-25_12-54-24.jpg",NULL,"image/jpeg","2024-06-24 07:29:27.597228","2024-06-24 07:29:27.597228"
175,"10e0269e-fce3-4420-a955-1ddf2c39d870-photo_2024-05-27_02-41-46.jpg",NULL,"image/jpeg","2024-06-24 07:29:28.287464","2024-06-24 07:29:28.287464"
176,"65ad01cf-77ac-4326-8e7b-6f8367063b0a-photo_2024-06-04_09-03-04.jpg",NULL,"image/jpeg","2024-06-24 07:29:28.969542","2024-06-24 07:29:28.969542"
177,"138f491c-05b4-4ca7-9a41-e9bd4da0fcee-photo_2024-06-04_09-03-06.jpg",NULL,"image/jpeg","2024-06-24 07:29:29.758689","2024-06-24 07:29:29.758689"
178,"3c40d0cd-2031-43c5-89e5-b3d1bf845601-photo_2024-06-04_09-04-13-2-.jpg",NULL,"image/jpeg","2024-06-24 07:29:30.401434","2024-06-24 07:29:30.401434"
179,"08482982-edf5-4f70-90e8-516e6ccf1b6b-photo_2024-06-04_09-04-13.jpg",NULL,"image/jpeg","2024-06-24 07:29:31.139061","2024-06-24 07:29:31.139061"
180,"bd72ff83-d09b-4c8e-b92f-dff24e9e3183-photo_2024-06-04_09-04-14.jpg",NULL,"image/jpeg","2024-06-24 07:29:31.792655","2024-06-24 07:29:31.792655"
181,"2ef18160-18ec-4fa4-befe-05eb922498db-photo_2024-06-04_09-04-15.jpg",NULL,"image/jpeg","2024-06-24 07:29:32.567763","2024-06-24 07:29:32.567763"
182,"b3f80c6b-fe9d-47f7-a4ce-a1acdac9cf53-photo_2024-06-04_09-05-10.jpg",NULL,"image/jpeg","2024-06-24 07:29:33.24926","2024-06-24 07:29:33.24926"
183,"7995cf99-ce21-4375-b8a4-adab7d366fb0-photo_2024-06-04_09-05-11.jpg",NULL,"image/jpeg","2024-06-24 07:29:34.018614","2024-06-24 07:29:34.018614"
184,"c7fe15b7-78c7-4092-a6b1-172a958c271c-photo_2024-06-04_09-05-12.jpg",NULL,"image/jpeg","2024-06-24 07:29:34.705769","2024-06-24 07:29:34.705769"
185,"f16f7613-eb36-4b0a-abe3-617dd72315ce-photo_2024-06-04_09-05-15.jpg",NULL,"image/jpeg","2024-06-24 07:29:35.345996","2024-06-24 07:29:35.345996"
186,"49cc8580-de75-4466-b07d-7cc0433cbfe9-photo_2024-06-04_09-06-29.jpg",NULL,"image/jpeg","2024-06-24 07:29:36.018626","2024-06-24 07:29:36.018626"
187,"3dab1ce3-07f1-43d6-b29d-bd43af36700f-photo_2024-06-04_09-06-34-2-.jpg",NULL,"image/jpeg","2024-06-24 07:29:36.755632","2024-06-24 07:29:36.755632"
188,"661ab2dd-6774-4d7e-8b27-763510c991f6-photo_2024-06-04_09-06-34-3-.jpg",NULL,"image/jpeg","2024-06-24 07:29:37.409162","2024-06-24 07:29:37.409162"
189,"5700462a-3a69-48af-82df-aeb896f0f274-photo_2024-06-04_09-06-34.jpg",NULL,"image/jpeg","2024-06-24 07:29:38.13636","2024-06-24 07:29:38.13636"
190,"8fd0fc54-5333-44a3-96e5-0f59b3d8ce07-photo_2024-06-04_09-06-37.jpg",NULL,"image/jpeg","2024-06-24 07:29:38.87489","2024-06-24 07:29:38.87489"
191,"8cf95e0f-c34b-4e00-b441-9532d9d00616-photo_2024-06-04_09-06-38.jpg",NULL,"image/jpeg","2024-06-24 07:29:39.616799","2024-06-24 07:29:39.616799"
192,"54b2ad02-3dd1-49e8-97e2-8e0505b10603-photo_2024-06-04_19-20-39.jpg",NULL,"image/jpeg","2024-06-24 07:29:40.305206","2024-06-24 07:29:40.305206"
193,"71d97c76-61aa-483c-9148-f7c6c4f03e66-photo_2024-06-04_19-20-41.jpg",NULL,"image/jpeg","2024-06-24 07:29:41.07236","2024-06-24 07:29:41.07236"
194,"8b70917b-4be0-4fb9-adf1-76b7f14472c2-video_2024-06-18_13-38-09.mp4",NULL,"video/mp4","2024-06-24 07:29:43.793381","2024-06-24 07:29:43.793381"
195,"540c5adb-ec0c-43a2-bcd5-db05ca10d3c6-video_2024-06-18_13-51-52.mp4",NULL,"video/mp4","2024-06-24 07:29:44.691044","2024-06-24 07:29:44.691044"
196,"18273a06-6951-4395-acf3-474b544a5a28-video_2024-06-18_13-55-16.mp4",NULL,"video/mp4","2024-06-24 07:29:45.591621","2024-06-24 07:29:45.591621"
197,"17b4a076-4bbd-444e-a166-6c7d1857d888-video_2024-06-18_13-55-41.mp4",NULL,"video/mp4","2024-06-24 07:29:46.670283","2024-06-24 07:29:46.670283"
198,"11531ddf-dd65-4f42-b312-d7125aa635ef-video_2024-06-19_18-56-27.mp4",NULL,"video/mp4","2024-06-24 07:29:50.214498","2024-06-24 07:29:50.214498"
199,"3fbd3733-cca8-45ea-b613-a582f756f3f0-video_2024-06-19_18-57-58.mp4",NULL,"video/mp4","2024-06-24 07:29:51.203355","2024-06-24 07:29:51.203355"
200,"188dfa26-360d-478b-ad42-f1d10ac9aa8e-video_2024-06-19_19-00-06.mp4",NULL,"video/mp4","2024-06-24 07:29:51.995155","2024-06-24 07:29:51.995155"
201,"36f44433-b113-45cc-9ff4-a5b3808f0c6f-video_2024-06-19_19-00-42.mp4",NULL,"video/mp4","2024-06-24 07:29:53.283557","2024-06-24 07:29:53.283557"
202,"0d215b95-76b4-466e-8632-f169f7fe4f7c-video_2024-06-19_19-01-59.mp4",NULL,"video/mp4","2024-06-24 07:29:54.49684","2024-06-24 07:29:54.49684"
203,"2e418f4c-2b67-46fc-ab60-a73d81d54d37-video_2024-06-19_19-16-35.mp4",NULL,"video/mp4","2024-06-24 07:29:55.296496","2024-06-24 07:29:55.296496"
204,"c7613243-e1cb-4354-9da0-c867f8f62184-video_2024-06-19_19-17-07.mp4",NULL,"video/mp4","2024-06-24 07:29:56.099726","2024-06-24 07:29:56.099726"
205,"66dafaf7-18fd-4e6b-b228-2ad243822557-video_2024-06-19_19-22-08.mp4",NULL,"video/mp4","2024-06-24 07:29:57.10556","2024-06-24 07:29:57.10556"
206,"8538177a-9ba8-4e96-a772-adb70d91d19f-video_2024-06-19_19-34-40.mp4",NULL,"video/mp4","2024-06-24 07:29:58.01879","2024-06-24 07:29:58.01879"
207,"79c39191-f8a9-49bc-8df5-2644e85add06-video_2024-06-19_19-35-42.mp4",NULL,"video/mp4","2024-06-24 07:29:58.899278","2024-06-24 07:29:58.899278"
208,"cac62bf0-8039-4b0b-aa3f-c8bd3231eb05-video_2024-06-19_19-39-43.mp4",NULL,"video/mp4","2024-06-24 07:30:01.608315","2024-06-24 07:30:01.608315"
209,"7930e69e-1144-4c25-bc2d-9658c46cd1fd-video_2024-06-19_19-40-49.mp4",NULL,"video/mp4","2024-06-24 07:30:02.579474","2024-06-24 07:30:02.579474"
210,"dd587034-9b9e-4676-a512-64b467f7ba73-video_2024-06-19_19-55-03.mp4",NULL,"video/mp4","2024-06-24 07:30:03.981665","2024-06-24 07:30:03.981665"
211,"4d76062b-466a-42bb-8d47-dd6e5f759013-video_2024-06-19_19-57-43.mp4",NULL,"video/mp4","2024-06-24 07:30:05.365987","2024-06-24 07:30:05.365987"
212,"d3e37149-79b9-46ca-8719-6ac98f367047-VID_20240112_231453_552.mp4",NULL,"video/mp4","2024-06-24 07:30:06.955884","2024-06-24 07:30:06.955884"
